selected,selection_reason,rejection_reasons,source_url,platform,published_at,author,title_or_caption,views,likes,comments,shares,saves,duration_sec,topic_hint,notes,raw_score,engagement_score,recency_score,neuropravo_fit_score,final_score,why_it_worked,mechanic,new_topic,hook,structure,script,video_description,video_title,cta,editorial_decision,why_not_copying,what_to_change_for_neuropravo,legal_safe_boundary,metrics_mode,metrics_completeness,recency_quality
True,"отобран: public_search, метрики неполные; score рассчитан без жесткого штрафа за unknown likes/comments",,https://www.youtube.com/shorts/ZKugZyG9T0U,YouTube Shorts,2026-07-12,unknown,"Как вернуть деньги, данные в долг под расписку",45000,0,0,0,0,0,долги,public YouTube search; query=долг по расписке shorts; views visible_on_page; likes/comments unknown; published_at approximate set to collection date because exact date not visible,45000,45.51,100.0,76,78.77,"Есть узнаваемый конфликт, измеримые последствия и точка напряжения: деньги, срок, доверие, переписка или документы. Такой ролик можно адаптировать как механику, не копируя текст.","Короткий hook через потерю или риск, бытовая деталь, затем разворот: проблема не в эмоциях, а в том, что доказательства и условия появились слишком поздно.",долги: как заранее оставить след договоренности и не спорить только на эмоциях.,"Как вернуть деньги, данные в долг под расписку","1. Сцена и hook. 2. Почему человек решил 'и так нормально'. 3. Где возник риск. 4. Ошибка с деньгами, сроком или перепиской. 5. Неожиданный вывод. 6. Мягкий CTA.","Представьте: все начинается не с суда и не с громкой юридической истории. Как вернуть деньги, данные в долг под расписку Сначала это выглядит как обычная бытовая или рабочая ситуация: договорились, поверили, перевели деньги, подождали еще пару дней. И именно в этот момент часто закладывается будущая проблема.

В теме `долги` опасность обычно не в том, что человек сразу делает что-то явно неправильное. Опасность в том, что он оставляет слишком много на словах. Нет точной суммы, нет срока, нет подтверждения, нет нормального следа в переписке. Пока отношения спокойные, это кажется лишней формальностью.

А потом появляется конфликт. Один говорит: 'мы так не договаривались'. Второй показывает переписку, но там только эмоции и обрывки фраз. Третий вспоминает устный разговор, который уже невозможно подтвердить. И спор начинает крутиться не вокруг справедливости, а вокруг доказательств.

Вот почему сильная позиция часто создается заранее, а не в момент ссоры. Короткое сообщение с суммой и сроком, чек, файл, акт, подтверждение условий в чате - это не бюрократия ради бюрократии. Это способ не зависеть только от чужой памяти и доброй воли.

Неожиданный вывод такой: доверие не отменяет фиксацию. Наоборот, нормальная фиксация часто сохраняет отношения, потому что всем понятно, кто что обещал, когда и за какие деньги. Чем меньше тумана в начале, тем меньше пространства для конфликта потом.

Если у вас похожая ситуация, не делайте вывод по одному ролику и не ищите универсальную волшебную фразу. В каждом деле важны документы, даты, суммы, переписка и детали. Но общий принцип простой: если договоренность важна для денег, имущества или срока, у нее должен быть понятный след.","Разбор бытовой или предпринимательской ошибки: почему договоренности лучше фиксировать до конфликта, а не после.","долги: ошибка, которая всплывает слишком поздно","Смотрите на документы, даты, суммы и переписку. В споре часто решает не ощущение правоты, а следы договоренности.",подумать,"Берем только механику: конфликт, темп, боль и поворот. Текст, примеры, формулировки и вывод пересобираются заново под НейроПраво.","Сместить фокус с чужой истории на практический риск в теме `долги`: деньги, сроки, документы, переписка и доказательства.","Не обещать результат, не разбирать персональное дело зрителя и не давать универсальную инструкцию. Говорить как о типовой ситуации: важны документы, даты, суммы и детали.",public_search,incomplete_public_metrics; likes_comments_unknown_or_zero; published_at_approximate; public_search_weighting,approximate
True,"отобран: public_search, метрики неполные; score рассчитан без жесткого штрафа за unknown likes/comments",,https://www.youtube.com/shorts/HMcuorFPdQU,YouTube Shorts,2026-07-12,unknown,Помните о свидетелях! Как давать и возвращать долги по расписке,37000,0,0,0,0,0,долги,public YouTube search; query=долг по расписке shorts; views visible_on_page; likes/comments unknown; published_at approximate set to collection date because exact date not visible,37000,45.23,100.0,68,75.32,"Есть узнаваемый конфликт, измеримые последствия и точка напряжения: деньги, срок, доверие, переписка или документы. Такой ролик можно адаптировать как механику, не копируя текст.","Короткий hook через потерю или риск, бытовая деталь, затем разворот: проблема не в эмоциях, а в том, что доказательства и условия появились слишком поздно.",долги: как заранее оставить след договоренности и не спорить только на эмоциях.,Помните о свидетелях!,"1. Сцена и hook. 2. Почему человек решил 'и так нормально'. 3. Где возник риск. 4. Ошибка с деньгами, сроком или перепиской. 5. Неожиданный вывод. 6. Мягкий CTA.","Представьте: все начинается не с суда и не с громкой юридической истории. Помните о свидетелях! Сначала это выглядит как обычная бытовая или рабочая ситуация: договорились, поверили, перевели деньги, подождали еще пару дней. И именно в этот момент часто закладывается будущая проблема.

В теме `долги` опасность обычно не в том, что человек сразу делает что-то явно неправильное. Опасность в том, что он оставляет слишком много на словах. Нет точной суммы, нет срока, нет подтверждения, нет нормального следа в переписке. Пока отношения спокойные, это кажется лишней формальностью.

А потом появляется конфликт. Один говорит: 'мы так не договаривались'. Второй показывает переписку, но там только эмоции и обрывки фраз. Третий вспоминает устный разговор, который уже невозможно подтвердить. И спор начинает крутиться не вокруг справедливости, а вокруг доказательств.

Вот почему сильная позиция часто создается заранее, а не в момент ссоры. Короткое сообщение с суммой и сроком, чек, файл, акт, подтверждение условий в чате - это не бюрократия ради бюрократии. Это способ не зависеть только от чужой памяти и доброй воли.

Неожиданный вывод такой: доверие не отменяет фиксацию. Наоборот, нормальная фиксация часто сохраняет отношения, потому что всем понятно, кто что обещал, когда и за какие деньги. Чем меньше тумана в начале, тем меньше пространства для конфликта потом.

Если у вас похожая ситуация, не делайте вывод по одному ролику и не ищите универсальную волшебную фразу. В каждом деле важны документы, даты, суммы, переписка и детали. Но общий принцип простой: если договоренность важна для денег, имущества или срока, у нее должен быть понятный след.","Разбор бытовой или предпринимательской ошибки: почему договоренности лучше фиксировать до конфликта, а не после.","долги: ошибка, которая всплывает слишком поздно","Смотрите на документы, даты, суммы и переписку. В споре часто решает не ощущение правоты, а следы договоренности.",подумать,"Берем только механику: конфликт, темп, боль и поворот. Текст, примеры, формулировки и вывод пересобираются заново под НейроПраво.","Сместить фокус с чужой истории на практический риск в теме `долги`: деньги, сроки, документы, переписка и доказательства.","Не обещать результат, не разбирать персональное дело зрителя и не давать универсальную инструкцию. Говорить как о типовой ситуации: важны документы, даты, суммы и детали.",public_search,incomplete_public_metrics; likes_comments_unknown_or_zero; published_at_approximate; public_search_weighting,approximate
True,"отобран: public_search, метрики неполные; score рассчитан без жесткого штрафа за unknown likes/comments",,https://www.youtube.com/shorts/AI1mkREPTH0,YouTube Shorts,2026-07-12,unknown,WB: возврат товара,239000,0,0,0,0,0,возврат товара,public YouTube search; query=магазин отказал в возврате shorts; views visible_on_page; likes/comments unknown; published_at approximate set to collection date because exact date not visible; strong visible views,239000,47.93,100.0,44,73.13,"Есть узнаваемый конфликт, измеримые последствия и точка напряжения: деньги, срок, доверие, переписка или документы. Такой ролик можно адаптировать как механику, не копируя текст.","Короткий hook через потерю или риск, бытовая деталь, затем разворот: проблема не в эмоциях, а в том, что доказательства и условия появились слишком поздно.",возврат товара: как заранее оставить след договоренности и не спорить только на эмоциях.,WB: возврат товара,"1. Сцена и hook. 2. Почему человек решил 'и так нормально'. 3. Где возник риск. 4. Ошибка с деньгами, сроком или перепиской. 5. Неожиданный вывод. 6. Мягкий CTA.","Представьте: все начинается не с суда и не с громкой юридической истории. WB: возврат товара Сначала это выглядит как обычная бытовая или рабочая ситуация: договорились, поверили, перевели деньги, подождали еще пару дней. И именно в этот момент часто закладывается будущая проблема.

В теме `возврат товара` опасность обычно не в том, что человек сразу делает что-то явно неправильное. Опасность в том, что он оставляет слишком много на словах. Нет точной суммы, нет срока, нет подтверждения, нет нормального следа в переписке. Пока отношения спокойные, это кажется лишней формальностью.

А потом появляется конфликт. Один говорит: 'мы так не договаривались'. Второй показывает переписку, но там только эмоции и обрывки фраз. Третий вспоминает устный разговор, который уже невозможно подтвердить. И спор начинает крутиться не вокруг справедливости, а вокруг доказательств.

Вот почему сильная позиция часто создается заранее, а не в момент ссоры. Короткое сообщение с суммой и сроком, чек, файл, акт, подтверждение условий в чате - это не бюрократия ради бюрократии. Это способ не зависеть только от чужой памяти и доброй воли.

Неожиданный вывод такой: доверие не отменяет фиксацию. Наоборот, нормальная фиксация часто сохраняет отношения, потому что всем понятно, кто что обещал, когда и за какие деньги. Чем меньше тумана в начале, тем меньше пространства для конфликта потом.

Если у вас похожая ситуация, не делайте вывод по одному ролику и не ищите универсальную волшебную фразу. В каждом деле важны документы, даты, суммы, переписка и детали. Но общий принцип простой: если договоренность важна для денег, имущества или срока, у нее должен быть понятный след.","Разбор бытовой или предпринимательской ошибки: почему договоренности лучше фиксировать до конфликта, а не после.","возврат товара: ошибка, которая всплывает слишком поздно","Смотрите на документы, даты, суммы и переписку. В споре часто решает не ощущение правоты, а следы договоренности.",подумать,"Берем только механику: конфликт, темп, боль и поворот. Текст, примеры, формулировки и вывод пересобираются заново под НейроПраво.","Сместить фокус с чужой истории на практический риск в теме `возврат товара`: деньги, сроки, документы, переписка и доказательства.","Не обещать результат, не разбирать персональное дело зрителя и не давать универсальную инструкцию. Говорить как о типовой ситуации: важны документы, даты, суммы и детали.",public_search,incomplete_public_metrics; likes_comments_unknown_or_zero; published_at_approximate; public_search_weighting,approximate
True,"отобран: public_search, метрики неполные; score рассчитан без жесткого штрафа за unknown likes/comments",,https://www.youtube.com/shorts/WABbFASESlw,YouTube Shorts,2026-07-12,unknown,"Когда дают аванс: строительство, юмор, деньги",25000,0,0,0,0,0,ремонт/строители,public YouTube search; query=строители взяли аванс и пропали shorts; views visible_on_page; likes/comments unknown; published_at approximate set to collection date because exact date not visible,25000,44.66,100.0,60,71.22,"Есть узнаваемый конфликт, измеримые последствия и точка напряжения: деньги, срок, доверие, переписка или документы. Такой ролик можно адаптировать как механику, не копируя текст.","Короткий hook через потерю или риск, бытовая деталь, затем разворот: проблема не в эмоциях, а в том, что доказательства и условия появились слишком поздно.",ремонт/строители: как заранее оставить след договоренности и не спорить только на эмоциях.,"Когда дают аванс: строительство, юмор, деньги","1. Сцена и hook. 2. Почему человек решил 'и так нормально'. 3. Где возник риск. 4. Ошибка с деньгами, сроком или перепиской. 5. Неожиданный вывод. 6. Мягкий CTA.","Представьте: все начинается не с суда и не с громкой юридической истории. Когда дают аванс: строительство, юмор, деньги Сначала это выглядит как обычная бытовая или рабочая ситуация: договорились, поверили, перевели деньги, подождали еще пару дней. И именно в этот момент часто закладывается будущая проблема.

В теме `ремонт/строители` опасность обычно не в том, что человек сразу делает что-то явно неправильное. Опасность в том, что он оставляет слишком много на словах. Нет точной суммы, нет срока, нет подтверждения, нет нормального следа в переписке. Пока отношения спокойные, это кажется лишней формальностью.

А потом появляется конфликт. Один говорит: 'мы так не договаривались'. Второй показывает переписку, но там только эмоции и обрывки фраз. Третий вспоминает устный разговор, который уже невозможно подтвердить. И спор начинает крутиться не вокруг справедливости, а вокруг доказательств.

Вот почему сильная позиция часто создается заранее, а не в момент ссоры. Короткое сообщение с суммой и сроком, чек, файл, акт, подтверждение условий в чате - это не бюрократия ради бюрократии. Это способ не зависеть только от чужой памяти и доброй воли.

Неожиданный вывод такой: доверие не отменяет фиксацию. Наоборот, нормальная фиксация часто сохраняет отношения, потому что всем понятно, кто что обещал, когда и за какие деньги. Чем меньше тумана в начале, тем меньше пространства для конфликта потом.

Если у вас похожая ситуация, не делайте вывод по одному ролику и не ищите универсальную волшебную фразу. В каждом деле важны документы, даты, суммы, переписка и детали. Но общий принцип простой: если договоренность важна для денег, имущества или срока, у нее должен быть понятный след.","Разбор бытовой или предпринимательской ошибки: почему договоренности лучше фиксировать до конфликта, а не после.","ремонт/строители: ошибка, которая всплывает слишком поздно","Смотрите на документы, даты, суммы и переписку. В споре часто решает не ощущение правоты, а следы договоренности.",подумать,"Берем только механику: конфликт, темп, боль и поворот. Текст, примеры, формулировки и вывод пересобираются заново под НейроПраво.","Сместить фокус с чужой истории на практический риск в теме `ремонт/строители`: деньги, сроки, документы, переписка и доказательства.","Не обещать результат, не разбирать персональное дело зрителя и не давать универсальную инструкцию. Говорить как о типовой ситуации: важны документы, даты, суммы и детали.",public_search,incomplete_public_metrics; likes_comments_unknown_or_zero; published_at_approximate; public_search_weighting,approximate
True,"отобран: public_search, метрики неполные; score рассчитан без жесткого штрафа за unknown likes/comments",,https://www.youtube.com/shorts/FytHW96ECts,YouTube Shorts,2026-07-12,unknown,Когда заказчик не платит деньги,15000,0,0,0,0,0,договоры,public YouTube search; query=клиент не заплатил shorts; views visible_on_page; likes/comments unknown; published_at approximate set to collection date because exact date not visible,15000,43.92,100.0,60,69.52,"Есть узнаваемый конфликт, измеримые последствия и точка напряжения: деньги, срок, доверие, переписка или документы. Такой ролик можно адаптировать как механику, не копируя текст.","Короткий hook через потерю или риск, бытовая деталь, затем разворот: проблема не в эмоциях, а в том, что доказательства и условия появились слишком поздно.",договоры: как заранее оставить след договоренности и не спорить только на эмоциях.,Когда заказчик не платит деньги,"1. Сцена и hook. 2. Почему человек решил 'и так нормально'. 3. Где возник риск. 4. Ошибка с деньгами, сроком или перепиской. 5. Неожиданный вывод. 6. Мягкий CTA.","Представьте: все начинается не с суда и не с громкой юридической истории. Когда заказчик не платит деньги Сначала это выглядит как обычная бытовая или рабочая ситуация: договорились, поверили, перевели деньги, подождали еще пару дней. И именно в этот момент часто закладывается будущая проблема.

В теме `договоры` опасность обычно не в том, что человек сразу делает что-то явно неправильное. Опасность в том, что он оставляет слишком много на словах. Нет точной суммы, нет срока, нет подтверждения, нет нормального следа в переписке. Пока отношения спокойные, это кажется лишней формальностью.

А потом появляется конфликт. Один говорит: 'мы так не договаривались'. Второй показывает переписку, но там только эмоции и обрывки фраз. Третий вспоминает устный разговор, который уже невозможно подтвердить. И спор начинает крутиться не вокруг справедливости, а вокруг доказательств.

Вот почему сильная позиция часто создается заранее, а не в момент ссоры. Короткое сообщение с суммой и сроком, чек, файл, акт, подтверждение условий в чате - это не бюрократия ради бюрократии. Это способ не зависеть только от чужой памяти и доброй воли.

Неожиданный вывод такой: доверие не отменяет фиксацию. Наоборот, нормальная фиксация часто сохраняет отношения, потому что всем понятно, кто что обещал, когда и за какие деньги. Чем меньше тумана в начале, тем меньше пространства для конфликта потом.

Если у вас похожая ситуация, не делайте вывод по одному ролику и не ищите универсальную волшебную фразу. В каждом деле важны документы, даты, суммы, переписка и детали. Но общий принцип простой: если договоренность важна для денег, имущества или срока, у нее должен быть понятный след.","Разбор бытовой или предпринимательской ошибки: почему договоренности лучше фиксировать до конфликта, а не после.","договоры: ошибка, которая всплывает слишком поздно","Смотрите на документы, даты, суммы и переписку. В споре часто решает не ощущение правоты, а следы договоренности.",подумать,"Берем только механику: конфликт, темп, боль и поворот. Текст, примеры, формулировки и вывод пересобираются заново под НейроПраво.","Сместить фокус с чужой истории на практический риск в теме `договоры`: деньги, сроки, документы, переписка и доказательства.","Не обещать результат, не разбирать персональное дело зрителя и не давать универсальную инструкцию. Говорить как о типовой ситуации: важны документы, даты, суммы и детали.",public_search,incomplete_public_metrics; likes_comments_unknown_or_zero; published_at_approximate; public_search_weighting,approximate
True,"отобран: public_search, метрики неполные; score рассчитан без жесткого штрафа за unknown likes/comments",,https://www.youtube.com/shorts/NI4EtnwXCN8,YouTube Shorts,2026-07-12,unknown,Заказчик не заплатил? Что делать,14000,0,0,0,0,0,договоры,public YouTube search; query=клиент не заплатил shorts; views visible_on_page; likes/comments unknown; published_at approximate set to collection date because exact date not visible,14000,43.82,100.0,52,66.49,"Есть узнаваемый конфликт, измеримые последствия и точка напряжения: деньги, срок, доверие, переписка или документы. Такой ролик можно адаптировать как механику, не копируя текст.","Короткий hook через потерю или риск, бытовая деталь, затем разворот: проблема не в эмоциях, а в том, что доказательства и условия появились слишком поздно.",договоры: как заранее оставить след договоренности и не спорить только на эмоциях.,Заказчик не заплатил?,"1. Сцена и hook. 2. Почему человек решил 'и так нормально'. 3. Где возник риск. 4. Ошибка с деньгами, сроком или перепиской. 5. Неожиданный вывод. 6. Мягкий CTA.","Представьте: все начинается не с суда и не с громкой юридической истории. Заказчик не заплатил? Сначала это выглядит как обычная бытовая или рабочая ситуация: договорились, поверили, перевели деньги, подождали еще пару дней. И именно в этот момент часто закладывается будущая проблема.

В теме `договоры` опасность обычно не в том, что человек сразу делает что-то явно неправильное. Опасность в том, что он оставляет слишком много на словах. Нет точной суммы, нет срока, нет подтверждения, нет нормального следа в переписке. Пока отношения спокойные, это кажется лишней формальностью.

А потом появляется конфликт. Один говорит: 'мы так не договаривались'. Второй показывает переписку, но там только эмоции и обрывки фраз. Третий вспоминает устный разговор, который уже невозможно подтвердить. И спор начинает крутиться не вокруг справедливости, а вокруг доказательств.

Вот почему сильная позиция часто создается заранее, а не в момент ссоры. Короткое сообщение с суммой и сроком, чек, файл, акт, подтверждение условий в чате - это не бюрократия ради бюрократии. Это способ не зависеть только от чужой памяти и доброй воли.

Неожиданный вывод такой: доверие не отменяет фиксацию. Наоборот, нормальная фиксация часто сохраняет отношения, потому что всем понятно, кто что обещал, когда и за какие деньги. Чем меньше тумана в начале, тем меньше пространства для конфликта потом.

Если у вас похожая ситуация, не делайте вывод по одному ролику и не ищите универсальную волшебную фразу. В каждом деле важны документы, даты, суммы, переписка и детали. Но общий принцип простой: если договоренность важна для денег, имущества или срока, у нее должен быть понятный след.","Разбор бытовой или предпринимательской ошибки: почему договоренности лучше фиксировать до конфликта, а не после.","договоры: ошибка, которая всплывает слишком поздно","Смотрите на документы, даты, суммы и переписку. В споре часто решает не ощущение правоты, а следы договоренности.",подумать,"Берем только механику: конфликт, темп, боль и поворот. Текст, примеры, формулировки и вывод пересобираются заново под НейроПраво.","Сместить фокус с чужой истории на практический риск в теме `договоры`: деньги, сроки, документы, переписка и доказательства.","Не обещать результат, не разбирать персональное дело зрителя и не давать универсальную инструкцию. Говорить как о типовой ситуации: важны документы, даты, суммы и детали.",public_search,incomplete_public_metrics; likes_comments_unknown_or_zero; published_at_approximate; public_search_weighting,approximate
True,"отобран: public_search, метрики неполные; score рассчитан без жесткого штрафа за unknown likes/comments",,https://www.youtube.com/shorts/3PUGbLg524c,YouTube Shorts,2026-07-12,unknown,Почему не платят алименты,30000,0,0,0,0,0,алименты,public YouTube search; query=алименты не платит shorts; views visible_on_page; likes/comments unknown; published_at approximate set to collection date because exact date not visible,30000,44.92,100.0,44,66.22,"Есть узнаваемый конфликт, измеримые последствия и точка напряжения: деньги, срок, доверие, переписка или документы. Такой ролик можно адаптировать как механику, не копируя текст.","Короткий hook через потерю или риск, бытовая деталь, затем разворот: проблема не в эмоциях, а в том, что доказательства и условия появились слишком поздно.",алименты: как заранее оставить след договоренности и не спорить только на эмоциях.,Почему не платят алименты,"1. Сцена и hook. 2. Почему человек решил 'и так нормально'. 3. Где возник риск. 4. Ошибка с деньгами, сроком или перепиской. 5. Неожиданный вывод. 6. Мягкий CTA.","Представьте: все начинается не с суда и не с громкой юридической истории. Почему не платят алименты Сначала это выглядит как обычная бытовая или рабочая ситуация: договорились, поверили, перевели деньги, подождали еще пару дней. И именно в этот момент часто закладывается будущая проблема.

В теме `алименты` опасность обычно не в том, что человек сразу делает что-то явно неправильное. Опасность в том, что он оставляет слишком много на словах. Нет точной суммы, нет срока, нет подтверждения, нет нормального следа в переписке. Пока отношения спокойные, это кажется лишней формальностью.

А потом появляется конфликт. Один говорит: 'мы так не договаривались'. Второй показывает переписку, но там только эмоции и обрывки фраз. Третий вспоминает устный разговор, который уже невозможно подтвердить. И спор начинает крутиться не вокруг справедливости, а вокруг доказательств.

Вот почему сильная позиция часто создается заранее, а не в момент ссоры. Короткое сообщение с суммой и сроком, чек, файл, акт, подтверждение условий в чате - это не бюрократия ради бюрократии. Это способ не зависеть только от чужой памяти и доброй воли.

Неожиданный вывод такой: доверие не отменяет фиксацию. Наоборот, нормальная фиксация часто сохраняет отношения, потому что всем понятно, кто что обещал, когда и за какие деньги. Чем меньше тумана в начале, тем меньше пространства для конфликта потом.

Если у вас похожая ситуация, не делайте вывод по одному ролику и не ищите универсальную волшебную фразу. В каждом деле важны документы, даты, суммы, переписка и детали. Но общий принцип простой: если договоренность важна для денег, имущества или срока, у нее должен быть понятный след.","Разбор бытовой или предпринимательской ошибки: почему договоренности лучше фиксировать до конфликта, а не после.","алименты: ошибка, которая всплывает слишком поздно","Смотрите на документы, даты, суммы и переписку. В споре часто решает не ощущение правоты, а следы договоренности.",подумать,"Берем только механику: конфликт, темп, боль и поворот. Текст, примеры, формулировки и вывод пересобираются заново под НейроПраво.","Сместить фокус с чужой истории на практический риск в теме `алименты`: деньги, сроки, документы, переписка и доказательства.","Не обещать результат, не разбирать персональное дело зрителя и не давать универсальную инструкцию. Говорить как о типовой ситуации: важны документы, даты, суммы и детали.",public_search,incomplete_public_metrics; likes_comments_unknown_or_zero; published_at_approximate; public_search_weighting,approximate
True,"отобран: public_search, метрики неполные; score рассчитан без жесткого штрафа за unknown likes/comments",,https://www.youtube.com/shorts/W7h-m6d61V0,YouTube Shorts,2026-07-12,unknown,Когда строители только что получили аванс и начали работы,10000,0,0,0,0,0,ремонт/строители,public YouTube search; query=строители взяли аванс и пропали shorts; views visible_on_page; likes/comments unknown; published_at approximate set to collection date because exact date not visible,10000,43.33,100.0,52,65.37,"Есть узнаваемый конфликт, измеримые последствия и точка напряжения: деньги, срок, доверие, переписка или документы. Такой ролик можно адаптировать как механику, не копируя текст.","Короткий hook через потерю или риск, бытовая деталь, затем разворот: проблема не в эмоциях, а в том, что доказательства и условия появились слишком поздно.",ремонт/строители: как заранее оставить след договоренности и не спорить только на эмоциях.,Когда строители только что получили аванс и начали работы,"1. Сцена и hook. 2. Почему человек решил 'и так нормально'. 3. Где возник риск. 4. Ошибка с деньгами, сроком или перепиской. 5. Неожиданный вывод. 6. Мягкий CTA.","Представьте: все начинается не с суда и не с громкой юридической истории. Когда строители только что получили аванс и начали работы Сначала это выглядит как обычная бытовая или рабочая ситуация: договорились, поверили, перевели деньги, подождали еще пару дней. И именно в этот момент часто закладывается будущая проблема.

В теме `ремонт/строители` опасность обычно не в том, что человек сразу делает что-то явно неправильное. Опасность в том, что он оставляет слишком много на словах. Нет точной суммы, нет срока, нет подтверждения, нет нормального следа в переписке. Пока отношения спокойные, это кажется лишней формальностью.

А потом появляется конфликт. Один говорит: 'мы так не договаривались'. Второй показывает переписку, но там только эмоции и обрывки фраз. Третий вспоминает устный разговор, который уже невозможно подтвердить. И спор начинает крутиться не вокруг справедливости, а вокруг доказательств.

Вот почему сильная позиция часто создается заранее, а не в момент ссоры. Короткое сообщение с суммой и сроком, чек, файл, акт, подтверждение условий в чате - это не бюрократия ради бюрократии. Это способ не зависеть только от чужой памяти и доброй воли.

Неожиданный вывод такой: доверие не отменяет фиксацию. Наоборот, нормальная фиксация часто сохраняет отношения, потому что всем понятно, кто что обещал, когда и за какие деньги. Чем меньше тумана в начале, тем меньше пространства для конфликта потом.

Если у вас похожая ситуация, не делайте вывод по одному ролику и не ищите универсальную волшебную фразу. В каждом деле важны документы, даты, суммы, переписка и детали. Но общий принцип простой: если договоренность важна для денег, имущества или срока, у нее должен быть понятный след.","Разбор бытовой или предпринимательской ошибки: почему договоренности лучше фиксировать до конфликта, а не после.","ремонт/строители: ошибка, которая всплывает слишком поздно","Смотрите на документы, даты, суммы и переписку. В споре часто решает не ощущение правоты, а следы договоренности.",подумать,"Берем только механику: конфликт, темп, боль и поворот. Текст, примеры, формулировки и вывод пересобираются заново под НейроПраво.","Сместить фокус с чужой истории на практический риск в теме `ремонт/строители`: деньги, сроки, документы, переписка и доказательства.","Не обещать результат, не разбирать персональное дело зрителя и не давать универсальную инструкцию. Говорить как о типовой ситуации: важны документы, даты, суммы и детали.",public_search,incomplete_public_metrics; likes_comments_unknown_or_zero; published_at_approximate; public_search_weighting,approximate
True,"отобран: public_search, метрики неполные; score рассчитан без жесткого штрафа за unknown likes/comments",,https://www.youtube.com/shorts/tV_DlzgCCoQ,YouTube Shorts,2026-07-12,unknown,Когда решил взять строителей подешевле,6300,0,0,0,0,0,ремонт/строители,public YouTube search; query=строители взяли аванс и пропали shorts; views visible_on_page; likes/comments unknown; published_at approximate set to collection date because exact date not visible,6300,42.66,100.0,52,63.83,"Есть узнаваемый конфликт, измеримые последствия и точка напряжения: деньги, срок, доверие, переписка или документы. Такой ролик можно адаптировать как механику, не копируя текст.","Короткий hook через потерю или риск, бытовая деталь, затем разворот: проблема не в эмоциях, а в том, что доказательства и условия появились слишком поздно.",ремонт/строители: как заранее оставить след договоренности и не спорить только на эмоциях.,Когда решил взять строителей подешевле,"1. Сцена и hook. 2. Почему человек решил 'и так нормально'. 3. Где возник риск. 4. Ошибка с деньгами, сроком или перепиской. 5. Неожиданный вывод. 6. Мягкий CTA.","Представьте: все начинается не с суда и не с громкой юридической истории. Когда решил взять строителей подешевле Сначала это выглядит как обычная бытовая или рабочая ситуация: договорились, поверили, перевели деньги, подождали еще пару дней. И именно в этот момент часто закладывается будущая проблема.

В теме `ремонт/строители` опасность обычно не в том, что человек сразу делает что-то явно неправильное. Опасность в том, что он оставляет слишком много на словах. Нет точной суммы, нет срока, нет подтверждения, нет нормального следа в переписке. Пока отношения спокойные, это кажется лишней формальностью.

А потом появляется конфликт. Один говорит: 'мы так не договаривались'. Второй показывает переписку, но там только эмоции и обрывки фраз. Третий вспоминает устный разговор, который уже невозможно подтвердить. И спор начинает крутиться не вокруг справедливости, а вокруг доказательств.

Вот почему сильная позиция часто создается заранее, а не в момент ссоры. Короткое сообщение с суммой и сроком, чек, файл, акт, подтверждение условий в чате - это не бюрократия ради бюрократии. Это способ не зависеть только от чужой памяти и доброй воли.

Неожиданный вывод такой: доверие не отменяет фиксацию. Наоборот, нормальная фиксация часто сохраняет отношения, потому что всем понятно, кто что обещал, когда и за какие деньги. Чем меньше тумана в начале, тем меньше пространства для конфликта потом.

Если у вас похожая ситуация, не делайте вывод по одному ролику и не ищите универсальную волшебную фразу. В каждом деле важны документы, даты, суммы, переписка и детали. Но общий принцип простой: если договоренность важна для денег, имущества или срока, у нее должен быть понятный след.","Разбор бытовой или предпринимательской ошибки: почему договоренности лучше фиксировать до конфликта, а не после.","ремонт/строители: ошибка, которая всплывает слишком поздно","Смотрите на документы, даты, суммы и переписку. В споре часто решает не ощущение правоты, а следы договоренности.",подумать,"Берем только механику: конфликт, темп, боль и поворот. Текст, примеры, формулировки и вывод пересобираются заново под НейроПраво.","Сместить фокус с чужой истории на практический риск в теме `ремонт/строители`: деньги, сроки, документы, переписка и доказательства.","Не обещать результат, не разбирать персональное дело зрителя и не давать универсальную инструкцию. Говорить как о типовой ситуации: важны документы, даты, суммы и детали.",public_search,incomplete_public_metrics; likes_comments_unknown_or_zero; published_at_approximate; public_search_weighting,approximate
True,"отобран: public_search, метрики неполные; score рассчитан без жесткого штрафа за unknown likes/comments",,https://www.youtube.com/shorts/caCWULhoSRY,YouTube Shorts,2026-07-12,unknown,Муж не хочет платить алименты,11000,0,0,0,0,0,алименты,public YouTube search; query=алименты не платит shorts; views visible_on_page; likes/comments unknown; published_at approximate set to collection date because exact date not visible,11000,43.47,100.0,44,62.89,"Есть узнаваемый конфликт, измеримые последствия и точка напряжения: деньги, срок, доверие, переписка или документы. Такой ролик можно адаптировать как механику, не копируя текст.","Короткий hook через потерю или риск, бытовая деталь, затем разворот: проблема не в эмоциях, а в том, что доказательства и условия появились слишком поздно.",алименты: как заранее оставить след договоренности и не спорить только на эмоциях.,Муж не хочет платить алименты,"1. Сцена и hook. 2. Почему человек решил 'и так нормально'. 3. Где возник риск. 4. Ошибка с деньгами, сроком или перепиской. 5. Неожиданный вывод. 6. Мягкий CTA.","Представьте: все начинается не с суда и не с громкой юридической истории. Муж не хочет платить алименты Сначала это выглядит как обычная бытовая или рабочая ситуация: договорились, поверили, перевели деньги, подождали еще пару дней. И именно в этот момент часто закладывается будущая проблема.

В теме `алименты` опасность обычно не в том, что человек сразу делает что-то явно неправильное. Опасность в том, что он оставляет слишком много на словах. Нет точной суммы, нет срока, нет подтверждения, нет нормального следа в переписке. Пока отношения спокойные, это кажется лишней формальностью.

А потом появляется конфликт. Один говорит: 'мы так не договаривались'. Второй показывает переписку, но там только эмоции и обрывки фраз. Третий вспоминает устный разговор, который уже невозможно подтвердить. И спор начинает крутиться не вокруг справедливости, а вокруг доказательств.

Вот почему сильная позиция часто создается заранее, а не в момент ссоры. Короткое сообщение с суммой и сроком, чек, файл, акт, подтверждение условий в чате - это не бюрократия ради бюрократии. Это способ не зависеть только от чужой памяти и доброй воли.

Неожиданный вывод такой: доверие не отменяет фиксацию. Наоборот, нормальная фиксация часто сохраняет отношения, потому что всем понятно, кто что обещал, когда и за какие деньги. Чем меньше тумана в начале, тем меньше пространства для конфликта потом.

Если у вас похожая ситуация, не делайте вывод по одному ролику и не ищите универсальную волшебную фразу. В каждом деле важны документы, даты, суммы, переписка и детали. Но общий принцип простой: если договоренность важна для денег, имущества или срока, у нее должен быть понятный след.","Разбор бытовой или предпринимательской ошибки: почему договоренности лучше фиксировать до конфликта, а не после.","алименты: ошибка, которая всплывает слишком поздно","Смотрите на документы, даты, суммы и переписку. В споре часто решает не ощущение правоты, а следы договоренности.",подумать,"Берем только механику: конфликт, темп, боль и поворот. Текст, примеры, формулировки и вывод пересобираются заново под НейроПраво.","Сместить фокус с чужой истории на практический риск в теме `алименты`: деньги, сроки, документы, переписка и доказательства.","Не обещать результат, не разбирать персональное дело зрителя и не давать универсальную инструкцию. Говорить как о типовой ситуации: важны документы, даты, суммы и детали.",public_search,incomplete_public_metrics; likes_comments_unknown_or_zero; published_at_approximate; public_search_weighting,approximate
True,"отобран: public_search, метрики неполные; score рассчитан без жесткого штрафа за unknown likes/comments",,https://www.youtube.com/shorts/T_-adMNDuHs,YouTube Shorts,2026-07-12,unknown,Как списать долг по расписке,825,0,0,0,0,0,долги,public YouTube search; query=долг по расписке shorts; views visible_on_page; likes/comments unknown; published_at approximate set to collection date because exact date not visible,825,39.72,100.0,68,62.66,"Есть узнаваемый конфликт, измеримые последствия и точка напряжения: деньги, срок, доверие, переписка или документы. Такой ролик можно адаптировать как механику, не копируя текст.","Короткий hook через потерю или риск, бытовая деталь, затем разворот: проблема не в эмоциях, а в том, что доказательства и условия появились слишком поздно.",долги: как заранее оставить след договоренности и не спорить только на эмоциях.,Как списать долг по расписке,"1. Сцена и hook. 2. Почему человек решил 'и так нормально'. 3. Где возник риск. 4. Ошибка с деньгами, сроком или перепиской. 5. Неожиданный вывод. 6. Мягкий CTA.","Представьте: все начинается не с суда и не с громкой юридической истории. Как списать долг по расписке Сначала это выглядит как обычная бытовая или рабочая ситуация: договорились, поверили, перевели деньги, подождали еще пару дней. И именно в этот момент часто закладывается будущая проблема.

В теме `долги` опасность обычно не в том, что человек сразу делает что-то явно неправильное. Опасность в том, что он оставляет слишком много на словах. Нет точной суммы, нет срока, нет подтверждения, нет нормального следа в переписке. Пока отношения спокойные, это кажется лишней формальностью.

А потом появляется конфликт. Один говорит: 'мы так не договаривались'. Второй показывает переписку, но там только эмоции и обрывки фраз. Третий вспоминает устный разговор, который уже невозможно подтвердить. И спор начинает крутиться не вокруг справедливости, а вокруг доказательств.

Вот почему сильная позиция часто создается заранее, а не в момент ссоры. Короткое сообщение с суммой и сроком, чек, файл, акт, подтверждение условий в чате - это не бюрократия ради бюрократии. Это способ не зависеть только от чужой памяти и доброй воли.

Неожиданный вывод такой: доверие не отменяет фиксацию. Наоборот, нормальная фиксация часто сохраняет отношения, потому что всем понятно, кто что обещал, когда и за какие деньги. Чем меньше тумана в начале, тем меньше пространства для конфликта потом.

Если у вас похожая ситуация, не делайте вывод по одному ролику и не ищите универсальную волшебную фразу. В каждом деле важны документы, даты, суммы, переписка и детали. Но общий принцип простой: если договоренность важна для денег, имущества или срока, у нее должен быть понятный след.","Разбор бытовой или предпринимательской ошибки: почему договоренности лучше фиксировать до конфликта, а не после.","долги: ошибка, которая всплывает слишком поздно","Смотрите на документы, даты, суммы и переписку. В споре часто решает не ощущение правоты, а следы договоренности.",подумать,"Берем только механику: конфликт, темп, боль и поворот. Текст, примеры, формулировки и вывод пересобираются заново под НейроПраво.","Сместить фокус с чужой истории на практический риск в теме `долги`: деньги, сроки, документы, переписка и доказательства.","Не обещать результат, не разбирать персональное дело зрителя и не давать универсальную инструкцию. Говорить как о типовой ситуации: важны документы, даты, суммы и детали.",public_search,incomplete_public_metrics; likes_comments_unknown_or_zero; published_at_approximate; public_search_weighting,approximate
True,"отобран: public_search, метрики неполные; score рассчитан без жесткого штрафа за unknown likes/comments",,https://www.youtube.com/shorts/3F7DDkEg_C4,YouTube Shorts,2026-07-12,unknown,Когда принесли возврат,10000,0,0,0,0,0,возврат товара,public YouTube search; query=магазин отказал в возврате shorts; views visible_on_page; likes/comments unknown; published_at approximate set to collection date because exact date not visible,10000,43.33,100.0,44,62.57,"Есть узнаваемый конфликт, измеримые последствия и точка напряжения: деньги, срок, доверие, переписка или документы. Такой ролик можно адаптировать как механику, не копируя текст.","Короткий hook через потерю или риск, бытовая деталь, затем разворот: проблема не в эмоциях, а в том, что доказательства и условия появились слишком поздно.",возврат товара: как заранее оставить след договоренности и не спорить только на эмоциях.,Когда принесли возврат,"1. Сцена и hook. 2. Почему человек решил 'и так нормально'. 3. Где возник риск. 4. Ошибка с деньгами, сроком или перепиской. 5. Неожиданный вывод. 6. Мягкий CTA.","Представьте: все начинается не с суда и не с громкой юридической истории. Когда принесли возврат Сначала это выглядит как обычная бытовая или рабочая ситуация: договорились, поверили, перевели деньги, подождали еще пару дней. И именно в этот момент часто закладывается будущая проблема.

В теме `возврат товара` опасность обычно не в том, что человек сразу делает что-то явно неправильное. Опасность в том, что он оставляет слишком много на словах. Нет точной суммы, нет срока, нет подтверждения, нет нормального следа в переписке. Пока отношения спокойные, это кажется лишней формальностью.

А потом появляется конфликт. Один говорит: 'мы так не договаривались'. Второй показывает переписку, но там только эмоции и обрывки фраз. Третий вспоминает устный разговор, который уже невозможно подтвердить. И спор начинает крутиться не вокруг справедливости, а вокруг доказательств.

Вот почему сильная позиция часто создается заранее, а не в момент ссоры. Короткое сообщение с суммой и сроком, чек, файл, акт, подтверждение условий в чате - это не бюрократия ради бюрократии. Это способ не зависеть только от чужой памяти и доброй воли.

Неожиданный вывод такой: доверие не отменяет фиксацию. Наоборот, нормальная фиксация часто сохраняет отношения, потому что всем понятно, кто что обещал, когда и за какие деньги. Чем меньше тумана в начале, тем меньше пространства для конфликта потом.

Если у вас похожая ситуация, не делайте вывод по одному ролику и не ищите универсальную волшебную фразу. В каждом деле важны документы, даты, суммы, переписка и детали. Но общий принцип простой: если договоренность важна для денег, имущества или срока, у нее должен быть понятный след.","Разбор бытовой или предпринимательской ошибки: почему договоренности лучше фиксировать до конфликта, а не после.","возврат товара: ошибка, которая всплывает слишком поздно","Смотрите на документы, даты, суммы и переписку. В споре часто решает не ощущение правоты, а следы договоренности.",подумать,"Берем только механику: конфликт, темп, боль и поворот. Текст, примеры, формулировки и вывод пересобираются заново под НейроПраво.","Сместить фокус с чужой истории на практический риск в теме `возврат товара`: деньги, сроки, документы, переписка и доказательства.","Не обещать результат, не разбирать персональное дело зрителя и не давать универсальную инструкцию. Говорить как о типовой ситуации: важны документы, даты, суммы и детали.",public_search,incomplete_public_metrics; likes_comments_unknown_or_zero; published_at_approximate; public_search_weighting,approximate
True,"отобран: public_search, метрики неполные; score рассчитан без жесткого штрафа за unknown likes/comments",,https://www.youtube.com/shorts/S_0emugZMG4,YouTube Shorts,2026-07-12,unknown,"Если застройщик задерживает сдачу дома, что делать",5600,0,0,0,0,0,застройщик,public YouTube search; query=застройщик задержал сдачу shorts; views visible_on_page; likes/comments unknown; published_at approximate set to collection date because exact date not visible,5600,42.49,100.0,44,60.64,"Есть узнаваемый конфликт, измеримые последствия и точка напряжения: деньги, срок, доверие, переписка или документы. Такой ролик можно адаптировать как механику, не копируя текст.","Короткий hook через потерю или риск, бытовая деталь, затем разворот: проблема не в эмоциях, а в том, что доказательства и условия появились слишком поздно.",застройщик: как заранее оставить след договоренности и не спорить только на эмоциях.,"Если застройщик задерживает сдачу дома, что делать","1. Сцена и hook. 2. Почему человек решил 'и так нормально'. 3. Где возник риск. 4. Ошибка с деньгами, сроком или перепиской. 5. Неожиданный вывод. 6. Мягкий CTA.","Представьте: все начинается не с суда и не с громкой юридической истории. Если застройщик задерживает сдачу дома, что делать Сначала это выглядит как обычная бытовая или рабочая ситуация: договорились, поверили, перевели деньги, подождали еще пару дней. И именно в этот момент часто закладывается будущая проблема.

В теме `застройщик` опасность обычно не в том, что человек сразу делает что-то явно неправильное. Опасность в том, что он оставляет слишком много на словах. Нет точной суммы, нет срока, нет подтверждения, нет нормального следа в переписке. Пока отношения спокойные, это кажется лишней формальностью.

А потом появляется конфликт. Один говорит: 'мы так не договаривались'. Второй показывает переписку, но там только эмоции и обрывки фраз. Третий вспоминает устный разговор, который уже невозможно подтвердить. И спор начинает крутиться не вокруг справедливости, а вокруг доказательств.

Вот почему сильная позиция часто создается заранее, а не в момент ссоры. Короткое сообщение с суммой и сроком, чек, файл, акт, подтверждение условий в чате - это не бюрократия ради бюрократии. Это способ не зависеть только от чужой памяти и доброй воли.

Неожиданный вывод такой: доверие не отменяет фиксацию. Наоборот, нормальная фиксация часто сохраняет отношения, потому что всем понятно, кто что обещал, когда и за какие деньги. Чем меньше тумана в начале, тем меньше пространства для конфликта потом.

Если у вас похожая ситуация, не делайте вывод по одному ролику и не ищите универсальную волшебную фразу. В каждом деле важны документы, даты, суммы, переписка и детали. Но общий принцип простой: если договоренность важна для денег, имущества или срока, у нее должен быть понятный след.","Разбор бытовой или предпринимательской ошибки: почему договоренности лучше фиксировать до конфликта, а не после.","застройщик: ошибка, которая всплывает слишком поздно","Смотрите на документы, даты, суммы и переписку. В споре часто решает не ощущение правоты, а следы договоренности.",подумать,"Берем только механику: конфликт, темп, боль и поворот. Текст, примеры, формулировки и вывод пересобираются заново под НейроПраво.","Сместить фокус с чужой истории на практический риск в теме `застройщик`: деньги, сроки, документы, переписка и доказательства.","Не обещать результат, не разбирать персональное дело зрителя и не давать универсальную инструкцию. Говорить как о типовой ситуации: важны документы, даты, суммы и детали.",public_search,incomplete_public_metrics; likes_comments_unknown_or_zero; published_at_approximate; public_search_weighting,approximate
False,"отсеян: public_search: мало видимых просмотров для неполных метрик; метрики неполные public_search, shortlist требует ручной проверки","public_search: мало видимых просмотров для неполных метрик; метрики неполные public_search, shortlist требует ручной проверки",https://www.youtube.com/shorts/23QW6mSeC-4,YouTube Shorts,2026-07-12,unknown,Наследство штука серьезная,2100,0,0,0,0,0,наследство,public YouTube search; query=наследство спор родственников shorts; views visible_on_page; likes/comments unknown; published_at approximate set to collection date because exact date not visible,2100,41.07,100.0,52,60.17,"Есть узнаваемый конфликт, измеримые последствия и точка напряжения: деньги, срок, доверие, переписка или документы. Такой ролик можно адаптировать как механику, не копируя текст.","Короткий hook через потерю или риск, бытовая деталь, затем разворот: проблема не в эмоциях, а в том, что доказательства и условия появились слишком поздно.",наследство: как заранее оставить след договоренности и не спорить только на эмоциях.,Наследство штука серьезная,"1. Сцена и hook. 2. Почему человек решил 'и так нормально'. 3. Где возник риск. 4. Ошибка с деньгами, сроком или перепиской. 5. Неожиданный вывод. 6. Мягкий CTA.","Представьте: все начинается не с суда и не с громкой юридической истории. Наследство штука серьезная Сначала это выглядит как обычная бытовая или рабочая ситуация: договорились, поверили, перевели деньги, подождали еще пару дней. И именно в этот момент часто закладывается будущая проблема.

В теме `наследство` опасность обычно не в том, что человек сразу делает что-то явно неправильное. Опасность в том, что он оставляет слишком много на словах. Нет точной суммы, нет срока, нет подтверждения, нет нормального следа в переписке. Пока отношения спокойные, это кажется лишней формальностью.

А потом появляется конфликт. Один говорит: 'мы так не договаривались'. Второй показывает переписку, но там только эмоции и обрывки фраз. Третий вспоминает устный разговор, который уже невозможно подтвердить. И спор начинает крутиться не вокруг справедливости, а вокруг доказательств.

Вот почему сильная позиция часто создается заранее, а не в момент ссоры. Короткое сообщение с суммой и сроком, чек, файл, акт, подтверждение условий в чате - это не бюрократия ради бюрократии. Это способ не зависеть только от чужой памяти и доброй воли.

Неожиданный вывод такой: доверие не отменяет фиксацию. Наоборот, нормальная фиксация часто сохраняет отношения, потому что всем понятно, кто что обещал, когда и за какие деньги. Чем меньше тумана в начале, тем меньше пространства для конфликта потом.

Если у вас похожая ситуация, не делайте вывод по одному ролику и не ищите универсальную волшебную фразу. В каждом деле важны документы, даты, суммы, переписка и детали. Но общий принцип простой: если договоренность важна для денег, имущества или срока, у нее должен быть понятный след.","Разбор бытовой или предпринимательской ошибки: почему договоренности лучше фиксировать до конфликта, а не после.","наследство: ошибка, которая всплывает слишком поздно","Смотрите на документы, даты, суммы и переписку. В споре часто решает не ощущение правоты, а следы договоренности.",отложить,"Берем только механику: конфликт, темп, боль и поворот. Текст, примеры, формулировки и вывод пересобираются заново под НейроПраво.","Сместить фокус с чужой истории на практический риск в теме `наследство`: деньги, сроки, документы, переписка и доказательства.","Не обещать результат, не разбирать персональное дело зрителя и не давать универсальную инструкцию. Говорить как о типовой ситуации: важны документы, даты, суммы и детали.",public_search,incomplete_public_metrics; likes_comments_unknown_or_zero; published_at_approximate; public_search_weighting,approximate
False,"отсеян: public_search: мало видимых просмотров для неполных метрик; метрики неполные public_search, shortlist требует ручной проверки","public_search: мало видимых просмотров для неполных метрик; метрики неполные public_search, shortlist требует ручной проверки",https://www.youtube.com/shorts/WzrsaxY1vh8,YouTube Shorts,2026-07-12,unknown,"Что делать, если срок сдачи жилья задерживают",1900,0,0,0,0,0,застройщик,public YouTube search; query=застройщик задержал сдачу shorts; views visible_on_page; likes/comments unknown; published_at approximate set to collection date because exact date not visible,1900,40.93,100.0,52,59.84,"Есть узнаваемый конфликт, измеримые последствия и точка напряжения: деньги, срок, доверие, переписка или документы. Такой ролик можно адаптировать как механику, не копируя текст.","Короткий hook через потерю или риск, бытовая деталь, затем разворот: проблема не в эмоциях, а в том, что доказательства и условия появились слишком поздно.",застройщик: как заранее оставить след договоренности и не спорить только на эмоциях.,"Что делать, если срок сдачи жилья задерживают","1. Сцена и hook. 2. Почему человек решил 'и так нормально'. 3. Где возник риск. 4. Ошибка с деньгами, сроком или перепиской. 5. Неожиданный вывод. 6. Мягкий CTA.","Представьте: все начинается не с суда и не с громкой юридической истории. Что делать, если срок сдачи жилья задерживают Сначала это выглядит как обычная бытовая или рабочая ситуация: договорились, поверили, перевели деньги, подождали еще пару дней. И именно в этот момент часто закладывается будущая проблема.

В теме `застройщик` опасность обычно не в том, что человек сразу делает что-то явно неправильное. Опасность в том, что он оставляет слишком много на словах. Нет точной суммы, нет срока, нет подтверждения, нет нормального следа в переписке. Пока отношения спокойные, это кажется лишней формальностью.

А потом появляется конфликт. Один говорит: 'мы так не договаривались'. Второй показывает переписку, но там только эмоции и обрывки фраз. Третий вспоминает устный разговор, который уже невозможно подтвердить. И спор начинает крутиться не вокруг справедливости, а вокруг доказательств.

Вот почему сильная позиция часто создается заранее, а не в момент ссоры. Короткое сообщение с суммой и сроком, чек, файл, акт, подтверждение условий в чате - это не бюрократия ради бюрократии. Это способ не зависеть только от чужой памяти и доброй воли.

Неожиданный вывод такой: доверие не отменяет фиксацию. Наоборот, нормальная фиксация часто сохраняет отношения, потому что всем понятно, кто что обещал, когда и за какие деньги. Чем меньше тумана в начале, тем меньше пространства для конфликта потом.

Если у вас похожая ситуация, не делайте вывод по одному ролику и не ищите универсальную волшебную фразу. В каждом деле важны документы, даты, суммы, переписка и детали. Но общий принцип простой: если договоренность важна для денег, имущества или срока, у нее должен быть понятный след.","Разбор бытовой или предпринимательской ошибки: почему договоренности лучше фиксировать до конфликта, а не после.","застройщик: ошибка, которая всплывает слишком поздно","Смотрите на документы, даты, суммы и переписку. В споре часто решает не ощущение правоты, а следы договоренности.",отложить,"Берем только механику: конфликт, темп, боль и поворот. Текст, примеры, формулировки и вывод пересобираются заново под НейроПраво.","Сместить фокус с чужой истории на практический риск в теме `застройщик`: деньги, сроки, документы, переписка и доказательства.","Не обещать результат, не разбирать персональное дело зрителя и не давать универсальную инструкцию. Говорить как о типовой ситуации: важны документы, даты, суммы и детали.",public_search,incomplete_public_metrics; likes_comments_unknown_or_zero; published_at_approximate; public_search_weighting,approximate
False,"отсеян: public_search: мало видимых просмотров для неполных метрик; метрики неполные public_search, shortlist требует ручной проверки","public_search: мало видимых просмотров для неполных метрик; метрики неполные public_search, shortlist требует ручной проверки",https://www.youtube.com/shorts/9LhT-vkesFc,YouTube Shorts,2026-07-12,unknown,"Что делать, если родственники мешают получить наследство",1700,0,0,0,0,0,наследство,public YouTube search; query=наследство спор родственников shorts; views visible_on_page; likes/comments unknown; published_at approximate set to collection date because exact date not visible,1700,40.77,100.0,52,59.47,"Есть узнаваемый конфликт, измеримые последствия и точка напряжения: деньги, срок, доверие, переписка или документы. Такой ролик можно адаптировать как механику, не копируя текст.","Короткий hook через потерю или риск, бытовая деталь, затем разворот: проблема не в эмоциях, а в том, что доказательства и условия появились слишком поздно.",наследство: как заранее оставить след договоренности и не спорить только на эмоциях.,"Что делать, если родственники мешают получить наследство","1. Сцена и hook. 2. Почему человек решил 'и так нормально'. 3. Где возник риск. 4. Ошибка с деньгами, сроком или перепиской. 5. Неожиданный вывод. 6. Мягкий CTA.","Представьте: все начинается не с суда и не с громкой юридической истории. Что делать, если родственники мешают получить наследство Сначала это выглядит как обычная бытовая или рабочая ситуация: договорились, поверили, перевели деньги, подождали еще пару дней. И именно в этот момент часто закладывается будущая проблема.

В теме `наследство` опасность обычно не в том, что человек сразу делает что-то явно неправильное. Опасность в том, что он оставляет слишком много на словах. Нет точной суммы, нет срока, нет подтверждения, нет нормального следа в переписке. Пока отношения спокойные, это кажется лишней формальностью.

А потом появляется конфликт. Один говорит: 'мы так не договаривались'. Второй показывает переписку, но там только эмоции и обрывки фраз. Третий вспоминает устный разговор, который уже невозможно подтвердить. И спор начинает крутиться не вокруг справедливости, а вокруг доказательств.

Вот почему сильная позиция часто создается заранее, а не в момент ссоры. Короткое сообщение с суммой и сроком, чек, файл, акт, подтверждение условий в чате - это не бюрократия ради бюрократии. Это способ не зависеть только от чужой памяти и доброй воли.

Неожиданный вывод такой: доверие не отменяет фиксацию. Наоборот, нормальная фиксация часто сохраняет отношения, потому что всем понятно, кто что обещал, когда и за какие деньги. Чем меньше тумана в начале, тем меньше пространства для конфликта потом.

Если у вас похожая ситуация, не делайте вывод по одному ролику и не ищите универсальную волшебную фразу. В каждом деле важны документы, даты, суммы, переписка и детали. Но общий принцип простой: если договоренность важна для денег, имущества или срока, у нее должен быть понятный след.","Разбор бытовой или предпринимательской ошибки: почему договоренности лучше фиксировать до конфликта, а не после.","наследство: ошибка, которая всплывает слишком поздно","Смотрите на документы, даты, суммы и переписку. В споре часто решает не ощущение правоты, а следы договоренности.",отложить,"Берем только механику: конфликт, темп, боль и поворот. Текст, примеры, формулировки и вывод пересобираются заново под НейроПраво.","Сместить фокус с чужой истории на практический риск в теме `наследство`: деньги, сроки, документы, переписка и доказательства.","Не обещать результат, не разбирать персональное дело зрителя и не давать универсальную инструкцию. Говорить как о типовой ситуации: важны документы, даты, суммы и детали.",public_search,incomplete_public_metrics; likes_comments_unknown_or_zero; published_at_approximate; public_search_weighting,approximate
False,"отсеян: public_search: мало видимых просмотров для неполных метрик; метрики неполные public_search, shortlist требует ручной проверки","public_search: мало видимых просмотров для неполных метрик; метрики неполные public_search, shortlist требует ручной проверки",https://www.youtube.com/shorts/iZFgBvEhrJM,YouTube Shorts,2026-07-12,unknown,Неожиданные факты о наследовании,1500,0,0,0,0,0,наследство,public YouTube search; query=наследство спор родственников shorts; views visible_on_page; likes/comments unknown; published_at approximate set to collection date because exact date not visible,1500,40.59,100.0,52,59.05,"Есть узнаваемый конфликт, измеримые последствия и точка напряжения: деньги, срок, доверие, переписка или документы. Такой ролик можно адаптировать как механику, не копируя текст.","Короткий hook через потерю или риск, бытовая деталь, затем разворот: проблема не в эмоциях, а в том, что доказательства и условия появились слишком поздно.",наследство: как заранее оставить след договоренности и не спорить только на эмоциях.,Неожиданные факты о наследовании,"1. Сцена и hook. 2. Почему человек решил 'и так нормально'. 3. Где возник риск. 4. Ошибка с деньгами, сроком или перепиской. 5. Неожиданный вывод. 6. Мягкий CTA.","Представьте: все начинается не с суда и не с громкой юридической истории. Неожиданные факты о наследовании Сначала это выглядит как обычная бытовая или рабочая ситуация: договорились, поверили, перевели деньги, подождали еще пару дней. И именно в этот момент часто закладывается будущая проблема.

В теме `наследство` опасность обычно не в том, что человек сразу делает что-то явно неправильное. Опасность в том, что он оставляет слишком много на словах. Нет точной суммы, нет срока, нет подтверждения, нет нормального следа в переписке. Пока отношения спокойные, это кажется лишней формальностью.

А потом появляется конфликт. Один говорит: 'мы так не договаривались'. Второй показывает переписку, но там только эмоции и обрывки фраз. Третий вспоминает устный разговор, который уже невозможно подтвердить. И спор начинает крутиться не вокруг справедливости, а вокруг доказательств.

Вот почему сильная позиция часто создается заранее, а не в момент ссоры. Короткое сообщение с суммой и сроком, чек, файл, акт, подтверждение условий в чате - это не бюрократия ради бюрократии. Это способ не зависеть только от чужой памяти и доброй воли.

Неожиданный вывод такой: доверие не отменяет фиксацию. Наоборот, нормальная фиксация часто сохраняет отношения, потому что всем понятно, кто что обещал, когда и за какие деньги. Чем меньше тумана в начале, тем меньше пространства для конфликта потом.

Если у вас похожая ситуация, не делайте вывод по одному ролику и не ищите универсальную волшебную фразу. В каждом деле важны документы, даты, суммы, переписка и детали. Но общий принцип простой: если договоренность важна для денег, имущества или срока, у нее должен быть понятный след.","Разбор бытовой или предпринимательской ошибки: почему договоренности лучше фиксировать до конфликта, а не после.","наследство: ошибка, которая всплывает слишком поздно","Смотрите на документы, даты, суммы и переписку. В споре часто решает не ощущение правоты, а следы договоренности.",отложить,"Берем только механику: конфликт, темп, боль и поворот. Текст, примеры, формулировки и вывод пересобираются заново под НейроПраво.","Сместить фокус с чужой истории на практический риск в теме `наследство`: деньги, сроки, документы, переписка и доказательства.","Не обещать результат, не разбирать персональное дело зрителя и не давать универсальную инструкцию. Говорить как о типовой ситуации: важны документы, даты, суммы и детали.",public_search,incomplete_public_metrics; likes_comments_unknown_or_zero; published_at_approximate; public_search_weighting,approximate
False,"отсеян: public_search: мало видимых просмотров для неполных метрик; метрики неполные public_search, shortlist требует ручной проверки","public_search: мало видимых просмотров для неполных метрик; метрики неполные public_search, shortlist требует ручной проверки",https://www.youtube.com/shorts/TrdvFl6JFCs,YouTube Shorts,2026-07-12,unknown,Потерял 3 500 000 на WB,851,0,0,0,0,0,маркетплейсы,public YouTube search; query=маркетплейс удержал деньги shorts; views visible_on_page; likes/comments unknown; published_at approximate set to collection date because exact date not visible,851,39.77,100.0,52,57.17,"Есть узнаваемый конфликт, измеримые последствия и точка напряжения: деньги, срок, доверие, переписка или документы. Такой ролик можно адаптировать как механику, не копируя текст.","Короткий hook через потерю или риск, бытовая деталь, затем разворот: проблема не в эмоциях, а в том, что доказательства и условия появились слишком поздно.",маркетплейсы: как заранее оставить след договоренности и не спорить только на эмоциях.,Потерял 3 500 000 на WB,"1. Сцена и hook. 2. Почему человек решил 'и так нормально'. 3. Где возник риск. 4. Ошибка с деньгами, сроком или перепиской. 5. Неожиданный вывод. 6. Мягкий CTA.","Представьте: все начинается не с суда и не с громкой юридической истории. Потерял 3 500 000 на WB Сначала это выглядит как обычная бытовая или рабочая ситуация: договорились, поверили, перевели деньги, подождали еще пару дней. И именно в этот момент часто закладывается будущая проблема.

В теме `маркетплейсы` опасность обычно не в том, что человек сразу делает что-то явно неправильное. Опасность в том, что он оставляет слишком много на словах. Нет точной суммы, нет срока, нет подтверждения, нет нормального следа в переписке. Пока отношения спокойные, это кажется лишней формальностью.

А потом появляется конфликт. Один говорит: 'мы так не договаривались'. Второй показывает переписку, но там только эмоции и обрывки фраз. Третий вспоминает устный разговор, который уже невозможно подтвердить. И спор начинает крутиться не вокруг справедливости, а вокруг доказательств.

Вот почему сильная позиция часто создается заранее, а не в момент ссоры. Короткое сообщение с суммой и сроком, чек, файл, акт, подтверждение условий в чате - это не бюрократия ради бюрократии. Это способ не зависеть только от чужой памяти и доброй воли.

Неожиданный вывод такой: доверие не отменяет фиксацию. Наоборот, нормальная фиксация часто сохраняет отношения, потому что всем понятно, кто что обещал, когда и за какие деньги. Чем меньше тумана в начале, тем меньше пространства для конфликта потом.

Если у вас похожая ситуация, не делайте вывод по одному ролику и не ищите универсальную волшебную фразу. В каждом деле важны документы, даты, суммы, переписка и детали. Но общий принцип простой: если договоренность важна для денег, имущества или срока, у нее должен быть понятный след.","Разбор бытовой или предпринимательской ошибки: почему договоренности лучше фиксировать до конфликта, а не после.","маркетплейсы: ошибка, которая всплывает слишком поздно","Смотрите на документы, даты, суммы и переписку. В споре часто решает не ощущение правоты, а следы договоренности.",отложить,"Берем только механику: конфликт, темп, боль и поворот. Текст, примеры, формулировки и вывод пересобираются заново под НейроПраво.","Сместить фокус с чужой истории на практический риск в теме `маркетплейсы`: деньги, сроки, документы, переписка и доказательства.","Не обещать результат, не разбирать персональное дело зрителя и не давать универсальную инструкцию. Говорить как о типовой ситуации: важны документы, даты, суммы и детали.",public_search,incomplete_public_metrics; likes_comments_unknown_or_zero; published_at_approximate; public_search_weighting,approximate
False,"отсеян: public_search: мало видимых просмотров для неполных метрик; метрики неполные public_search, shortlist требует ручной проверки","public_search: мало видимых просмотров для неполных метрик; метрики неполные public_search, shortlist требует ручной проверки",https://www.youtube.com/shorts/xc-0CWxSA6Y,YouTube Shorts,2026-07-12,unknown,Муж не платит алименты,1400,0,0,0,0,0,алименты,public YouTube search; query=алименты не платит shorts; views visible_on_page; likes/comments unknown; published_at approximate set to collection date because exact date not visible,1400,40.49,100.0,44,56.02,"Есть узнаваемый конфликт, измеримые последствия и точка напряжения: деньги, срок, доверие, переписка или документы. Такой ролик можно адаптировать как механику, не копируя текст.","Короткий hook через потерю или риск, бытовая деталь, затем разворот: проблема не в эмоциях, а в том, что доказательства и условия появились слишком поздно.",алименты: как заранее оставить след договоренности и не спорить только на эмоциях.,Муж не платит алименты,"1. Сцена и hook. 2. Почему человек решил 'и так нормально'. 3. Где возник риск. 4. Ошибка с деньгами, сроком или перепиской. 5. Неожиданный вывод. 6. Мягкий CTA.","Представьте: все начинается не с суда и не с громкой юридической истории. Муж не платит алименты Сначала это выглядит как обычная бытовая или рабочая ситуация: договорились, поверили, перевели деньги, подождали еще пару дней. И именно в этот момент часто закладывается будущая проблема.

В теме `алименты` опасность обычно не в том, что человек сразу делает что-то явно неправильное. Опасность в том, что он оставляет слишком много на словах. Нет точной суммы, нет срока, нет подтверждения, нет нормального следа в переписке. Пока отношения спокойные, это кажется лишней формальностью.

А потом появляется конфликт. Один говорит: 'мы так не договаривались'. Второй показывает переписку, но там только эмоции и обрывки фраз. Третий вспоминает устный разговор, который уже невозможно подтвердить. И спор начинает крутиться не вокруг справедливости, а вокруг доказательств.

Вот почему сильная позиция часто создается заранее, а не в момент ссоры. Короткое сообщение с суммой и сроком, чек, файл, акт, подтверждение условий в чате - это не бюрократия ради бюрократии. Это способ не зависеть только от чужой памяти и доброй воли.

Неожиданный вывод такой: доверие не отменяет фиксацию. Наоборот, нормальная фиксация часто сохраняет отношения, потому что всем понятно, кто что обещал, когда и за какие деньги. Чем меньше тумана в начале, тем меньше пространства для конфликта потом.

Если у вас похожая ситуация, не делайте вывод по одному ролику и не ищите универсальную волшебную фразу. В каждом деле важны документы, даты, суммы, переписка и детали. Но общий принцип простой: если договоренность важна для денег, имущества или срока, у нее должен быть понятный след.","Разбор бытовой или предпринимательской ошибки: почему договоренности лучше фиксировать до конфликта, а не после.","алименты: ошибка, которая всплывает слишком поздно","Смотрите на документы, даты, суммы и переписку. В споре часто решает не ощущение правоты, а следы договоренности.",отложить,"Берем только механику: конфликт, темп, боль и поворот. Текст, примеры, формулировки и вывод пересобираются заново под НейроПраво.","Сместить фокус с чужой истории на практический риск в теме `алименты`: деньги, сроки, документы, переписка и доказательства.","Не обещать результат, не разбирать персональное дело зрителя и не давать универсальную инструкцию. Говорить как о типовой ситуации: важны документы, даты, суммы и детали.",public_search,incomplete_public_metrics; likes_comments_unknown_or_zero; published_at_approximate; public_search_weighting,approximate
False,"отсеян: public_search: мало видимых просмотров для неполных метрик; метрики неполные public_search, shortlist требует ручной проверки","public_search: мало видимых просмотров для неполных метрик; метрики неполные public_search, shortlist требует ручной проверки",https://www.youtube.com/shorts/hFEBWL-IrDw,YouTube Shorts,2026-07-12,unknown,"Клиент не платит, что делать",37,0,0,0,0,0,договоры,public YouTube search; query=клиент не заплатил shorts; views visible_on_page; likes/comments unknown; published_at approximate set to collection date because exact date not visible; weak metrics,37,35.27,100.0,76,55.21,"Есть узнаваемый конфликт, измеримые последствия и точка напряжения: деньги, срок, доверие, переписка или документы. Такой ролик можно адаптировать как механику, не копируя текст.","Короткий hook через потерю или риск, бытовая деталь, затем разворот: проблема не в эмоциях, а в том, что доказательства и условия появились слишком поздно.",договоры: как заранее оставить след договоренности и не спорить только на эмоциях.,"Клиент не платит, что делать","1. Сцена и hook. 2. Почему человек решил 'и так нормально'. 3. Где возник риск. 4. Ошибка с деньгами, сроком или перепиской. 5. Неожиданный вывод. 6. Мягкий CTA.","Представьте: все начинается не с суда и не с громкой юридической истории. Клиент не платит, что делать Сначала это выглядит как обычная бытовая или рабочая ситуация: договорились, поверили, перевели деньги, подождали еще пару дней. И именно в этот момент часто закладывается будущая проблема.

В теме `договоры` опасность обычно не в том, что человек сразу делает что-то явно неправильное. Опасность в том, что он оставляет слишком много на словах. Нет точной суммы, нет срока, нет подтверждения, нет нормального следа в переписке. Пока отношения спокойные, это кажется лишней формальностью.

А потом появляется конфликт. Один говорит: 'мы так не договаривались'. Второй показывает переписку, но там только эмоции и обрывки фраз. Третий вспоминает устный разговор, который уже невозможно подтвердить. И спор начинает крутиться не вокруг справедливости, а вокруг доказательств.

Вот почему сильная позиция часто создается заранее, а не в момент ссоры. Короткое сообщение с суммой и сроком, чек, файл, акт, подтверждение условий в чате - это не бюрократия ради бюрократии. Это способ не зависеть только от чужой памяти и доброй воли.

Неожиданный вывод такой: доверие не отменяет фиксацию. Наоборот, нормальная фиксация часто сохраняет отношения, потому что всем понятно, кто что обещал, когда и за какие деньги. Чем меньше тумана в начале, тем меньше пространства для конфликта потом.

Если у вас похожая ситуация, не делайте вывод по одному ролику и не ищите универсальную волшебную фразу. В каждом деле важны документы, даты, суммы, переписка и детали. Но общий принцип простой: если договоренность важна для денег, имущества или срока, у нее должен быть понятный след.","Разбор бытовой или предпринимательской ошибки: почему договоренности лучше фиксировать до конфликта, а не после.","договоры: ошибка, которая всплывает слишком поздно","Смотрите на документы, даты, суммы и переписку. В споре часто решает не ощущение правоты, а следы договоренности.",отложить,"Берем только механику: конфликт, темп, боль и поворот. Текст, примеры, формулировки и вывод пересобираются заново под НейроПраво.","Сместить фокус с чужой истории на практический риск в теме `договоры`: деньги, сроки, документы, переписка и доказательства.","Не обещать результат, не разбирать персональное дело зрителя и не давать универсальную инструкцию. Говорить как о типовой ситуации: важны документы, даты, суммы и детали.",public_search,incomplete_public_metrics; likes_comments_unknown_or_zero; published_at_approximate; public_search_weighting,approximate
False,"отсеян: final_score ниже порога 55; public_search: мало видимых просмотров для неполных метрик; метрики неполные public_search, shortlist требует ручной проверки","final_score ниже порога 55; public_search: мало видимых просмотров для неполных метрик; метрики неполные public_search, shortlist требует ручной проверки",https://www.youtube.com/shorts/FzkOihNWGiI,YouTube Shorts,2026-07-12,unknown,100 000 000 в одной нише на WB,438,0,0,0,0,0,маркетплейсы,public YouTube search; query=маркетплейс удержал деньги shorts; views visible_on_page; likes/comments unknown; published_at approximate set to collection date because exact date not visible; weaker conflict,438,38.81,100.0,52,54.96,"Есть узнаваемый конфликт, измеримые последствия и точка напряжения: деньги, срок, доверие, переписка или документы. Такой ролик можно адаптировать как механику, не копируя текст.","Короткий hook через потерю или риск, бытовая деталь, затем разворот: проблема не в эмоциях, а в том, что доказательства и условия появились слишком поздно.",маркетплейсы: как заранее оставить след договоренности и не спорить только на эмоциях.,100 000 000 в одной нише на WB,"1. Сцена и hook. 2. Почему человек решил 'и так нормально'. 3. Где возник риск. 4. Ошибка с деньгами, сроком или перепиской. 5. Неожиданный вывод. 6. Мягкий CTA.","Представьте: все начинается не с суда и не с громкой юридической истории. 100 000 000 в одной нише на WB Сначала это выглядит как обычная бытовая или рабочая ситуация: договорились, поверили, перевели деньги, подождали еще пару дней. И именно в этот момент часто закладывается будущая проблема.

В теме `маркетплейсы` опасность обычно не в том, что человек сразу делает что-то явно неправильное. Опасность в том, что он оставляет слишком много на словах. Нет точной суммы, нет срока, нет подтверждения, нет нормального следа в переписке. Пока отношения спокойные, это кажется лишней формальностью.

А потом появляется конфликт. Один говорит: 'мы так не договаривались'. Второй показывает переписку, но там только эмоции и обрывки фраз. Третий вспоминает устный разговор, который уже невозможно подтвердить. И спор начинает крутиться не вокруг справедливости, а вокруг доказательств.

Вот почему сильная позиция часто создается заранее, а не в момент ссоры. Короткое сообщение с суммой и сроком, чек, файл, акт, подтверждение условий в чате - это не бюрократия ради бюрократии. Это способ не зависеть только от чужой памяти и доброй воли.

Неожиданный вывод такой: доверие не отменяет фиксацию. Наоборот, нормальная фиксация часто сохраняет отношения, потому что всем понятно, кто что обещал, когда и за какие деньги. Чем меньше тумана в начале, тем меньше пространства для конфликта потом.

Если у вас похожая ситуация, не делайте вывод по одному ролику и не ищите универсальную волшебную фразу. В каждом деле важны документы, даты, суммы, переписка и детали. Но общий принцип простой: если договоренность важна для денег, имущества или срока, у нее должен быть понятный след.","Разбор бытовой или предпринимательской ошибки: почему договоренности лучше фиксировать до конфликта, а не после.","маркетплейсы: ошибка, которая всплывает слишком поздно","Смотрите на документы, даты, суммы и переписку. В споре часто решает не ощущение правоты, а следы договоренности.",отложить,"Берем только механику: конфликт, темп, боль и поворот. Текст, примеры, формулировки и вывод пересобираются заново под НейроПраво.","Сместить фокус с чужой истории на практический риск в теме `маркетплейсы`: деньги, сроки, документы, переписка и доказательства.","Не обещать результат, не разбирать персональное дело зрителя и не давать универсальную инструкцию. Говорить как о типовой ситуации: важны документы, даты, суммы и детали.",public_search,incomplete_public_metrics; likes_comments_unknown_or_zero; published_at_approximate; public_search_weighting,approximate
False,"отсеян: final_score ниже порога 55; public_search: мало видимых просмотров для неполных метрик; метрики неполные public_search, shortlist требует ручной проверки","final_score ниже порога 55; public_search: мало видимых просмотров для неполных метрик; метрики неполные public_search, shortlist требует ручной проверки",https://www.youtube.com/shorts/IWbzsfUOwQk,YouTube Shorts,2026-07-12,unknown,Сколько можно заработать на маркетплейсах,437,0,0,0,0,0,маркетплейсы,public YouTube search; query=маркетплейс удержал деньги shorts; views visible_on_page; likes/comments unknown; published_at approximate set to collection date because exact date not visible; weaker conflict,437,38.8,100.0,52,54.95,"Есть узнаваемый конфликт, измеримые последствия и точка напряжения: деньги, срок, доверие, переписка или документы. Такой ролик можно адаптировать как механику, не копируя текст.","Короткий hook через потерю или риск, бытовая деталь, затем разворот: проблема не в эмоциях, а в том, что доказательства и условия появились слишком поздно.",маркетплейсы: как заранее оставить след договоренности и не спорить только на эмоциях.,Сколько можно заработать на маркетплейсах,"1. Сцена и hook. 2. Почему человек решил 'и так нормально'. 3. Где возник риск. 4. Ошибка с деньгами, сроком или перепиской. 5. Неожиданный вывод. 6. Мягкий CTA.","Представьте: все начинается не с суда и не с громкой юридической истории. Сколько можно заработать на маркетплейсах Сначала это выглядит как обычная бытовая или рабочая ситуация: договорились, поверили, перевели деньги, подождали еще пару дней. И именно в этот момент часто закладывается будущая проблема.

В теме `маркетплейсы` опасность обычно не в том, что человек сразу делает что-то явно неправильное. Опасность в том, что он оставляет слишком много на словах. Нет точной суммы, нет срока, нет подтверждения, нет нормального следа в переписке. Пока отношения спокойные, это кажется лишней формальностью.

А потом появляется конфликт. Один говорит: 'мы так не договаривались'. Второй показывает переписку, но там только эмоции и обрывки фраз. Третий вспоминает устный разговор, который уже невозможно подтвердить. И спор начинает крутиться не вокруг справедливости, а вокруг доказательств.

Вот почему сильная позиция часто создается заранее, а не в момент ссоры. Короткое сообщение с суммой и сроком, чек, файл, акт, подтверждение условий в чате - это не бюрократия ради бюрократии. Это способ не зависеть только от чужой памяти и доброй воли.

Неожиданный вывод такой: доверие не отменяет фиксацию. Наоборот, нормальная фиксация часто сохраняет отношения, потому что всем понятно, кто что обещал, когда и за какие деньги. Чем меньше тумана в начале, тем меньше пространства для конфликта потом.

Если у вас похожая ситуация, не делайте вывод по одному ролику и не ищите универсальную волшебную фразу. В каждом деле важны документы, даты, суммы, переписка и детали. Но общий принцип простой: если договоренность важна для денег, имущества или срока, у нее должен быть понятный след.","Разбор бытовой или предпринимательской ошибки: почему договоренности лучше фиксировать до конфликта, а не после.","маркетплейсы: ошибка, которая всплывает слишком поздно","Смотрите на документы, даты, суммы и переписку. В споре часто решает не ощущение правоты, а следы договоренности.",отложить,"Берем только механику: конфликт, темп, боль и поворот. Текст, примеры, формулировки и вывод пересобираются заново под НейроПраво.","Сместить фокус с чужой истории на практический риск в теме `маркетплейсы`: деньги, сроки, документы, переписка и доказательства.","Не обещать результат, не разбирать персональное дело зрителя и не давать универсальную инструкцию. Говорить как о типовой ситуации: важны документы, даты, суммы и детали.",public_search,incomplete_public_metrics; likes_comments_unknown_or_zero; published_at_approximate; public_search_weighting,approximate
False,"отсеян: final_score ниже порога 55; public_search: мало видимых просмотров для неполных метрик; метрики неполные public_search, shortlist требует ручной проверки","final_score ниже порога 55; public_search: мало видимых просмотров для неполных метрик; метрики неполные public_search, shortlist требует ручной проверки",https://www.youtube.com/shorts/9P97dQU2IaU,YouTube Shorts,2026-07-12,unknown,Возврат в магазине - это фарс,944,0,0,0,0,0,возврат товара,public YouTube search; query=магазин отказал в возврате shorts; views visible_on_page; likes/comments unknown; published_at approximate set to collection date because exact date not visible,944,39.92,100.0,44,54.71,"Есть узнаваемый конфликт, измеримые последствия и точка напряжения: деньги, срок, доверие, переписка или документы. Такой ролик можно адаптировать как механику, не копируя текст.","Короткий hook через потерю или риск, бытовая деталь, затем разворот: проблема не в эмоциях, а в том, что доказательства и условия появились слишком поздно.",возврат товара: как заранее оставить след договоренности и не спорить только на эмоциях.,Возврат в магазине - это фарс,"1. Сцена и hook. 2. Почему человек решил 'и так нормально'. 3. Где возник риск. 4. Ошибка с деньгами, сроком или перепиской. 5. Неожиданный вывод. 6. Мягкий CTA.","Представьте: все начинается не с суда и не с громкой юридической истории. Возврат в магазине - это фарс Сначала это выглядит как обычная бытовая или рабочая ситуация: договорились, поверили, перевели деньги, подождали еще пару дней. И именно в этот момент часто закладывается будущая проблема.

В теме `возврат товара` опасность обычно не в том, что человек сразу делает что-то явно неправильное. Опасность в том, что он оставляет слишком много на словах. Нет точной суммы, нет срока, нет подтверждения, нет нормального следа в переписке. Пока отношения спокойные, это кажется лишней формальностью.

А потом появляется конфликт. Один говорит: 'мы так не договаривались'. Второй показывает переписку, но там только эмоции и обрывки фраз. Третий вспоминает устный разговор, который уже невозможно подтвердить. И спор начинает крутиться не вокруг справедливости, а вокруг доказательств.

Вот почему сильная позиция часто создается заранее, а не в момент ссоры. Короткое сообщение с суммой и сроком, чек, файл, акт, подтверждение условий в чате - это не бюрократия ради бюрократии. Это способ не зависеть только от чужой памяти и доброй воли.

Неожиданный вывод такой: доверие не отменяет фиксацию. Наоборот, нормальная фиксация часто сохраняет отношения, потому что всем понятно, кто что обещал, когда и за какие деньги. Чем меньше тумана в начале, тем меньше пространства для конфликта потом.

Если у вас похожая ситуация, не делайте вывод по одному ролику и не ищите универсальную волшебную фразу. В каждом деле важны документы, даты, суммы, переписка и детали. Но общий принцип простой: если договоренность важна для денег, имущества или срока, у нее должен быть понятный след.","Разбор бытовой или предпринимательской ошибки: почему договоренности лучше фиксировать до конфликта, а не после.","возврат товара: ошибка, которая всплывает слишком поздно","Смотрите на документы, даты, суммы и переписку. В споре часто решает не ощущение правоты, а следы договоренности.",отложить,"Берем только механику: конфликт, темп, боль и поворот. Текст, примеры, формулировки и вывод пересобираются заново под НейроПраво.","Сместить фокус с чужой истории на практический риск в теме `возврат товара`: деньги, сроки, документы, переписка и доказательства.","Не обещать результат, не разбирать персональное дело зрителя и не давать универсальную инструкцию. Говорить как о типовой ситуации: важны документы, даты, суммы и детали.",public_search,incomplete_public_metrics; likes_comments_unknown_or_zero; published_at_approximate; public_search_weighting,approximate
False,"отсеян: final_score ниже порога 55; public_search: мало видимых просмотров для неполных метрик; метрики неполные public_search, shortlist требует ручной проверки","final_score ниже порога 55; public_search: мало видимых просмотров для неполных метрик; метрики неполные public_search, shortlist требует ручной проверки",https://www.youtube.com/shorts/Roa_bfab01U,YouTube Shorts,2026-07-12,unknown,POV: застройщик задержал сдачу дома уже четвертый раз,575,0,0,0,0,0,застройщик,public YouTube search; query=застройщик задержал сдачу shorts; views visible_on_page; likes/comments unknown; published_at approximate set to collection date because exact date not visible,575,39.2,100.0,44,53.06,"Есть узнаваемый конфликт, измеримые последствия и точка напряжения: деньги, срок, доверие, переписка или документы. Такой ролик можно адаптировать как механику, не копируя текст.","Короткий hook через потерю или риск, бытовая деталь, затем разворот: проблема не в эмоциях, а в том, что доказательства и условия появились слишком поздно.",застройщик: как заранее оставить след договоренности и не спорить только на эмоциях.,POV: застройщик задержал сдачу дома уже четвертый раз,"1. Сцена и hook. 2. Почему человек решил 'и так нормально'. 3. Где возник риск. 4. Ошибка с деньгами, сроком или перепиской. 5. Неожиданный вывод. 6. Мягкий CTA.","Представьте: все начинается не с суда и не с громкой юридической истории. POV: застройщик задержал сдачу дома уже четвертый раз Сначала это выглядит как обычная бытовая или рабочая ситуация: договорились, поверили, перевели деньги, подождали еще пару дней. И именно в этот момент часто закладывается будущая проблема.

В теме `застройщик` опасность обычно не в том, что человек сразу делает что-то явно неправильное. Опасность в том, что он оставляет слишком много на словах. Нет точной суммы, нет срока, нет подтверждения, нет нормального следа в переписке. Пока отношения спокойные, это кажется лишней формальностью.

А потом появляется конфликт. Один говорит: 'мы так не договаривались'. Второй показывает переписку, но там только эмоции и обрывки фраз. Третий вспоминает устный разговор, который уже невозможно подтвердить. И спор начинает крутиться не вокруг справедливости, а вокруг доказательств.

Вот почему сильная позиция часто создается заранее, а не в момент ссоры. Короткое сообщение с суммой и сроком, чек, файл, акт, подтверждение условий в чате - это не бюрократия ради бюрократии. Это способ не зависеть только от чужой памяти и доброй воли.

Неожиданный вывод такой: доверие не отменяет фиксацию. Наоборот, нормальная фиксация часто сохраняет отношения, потому что всем понятно, кто что обещал, когда и за какие деньги. Чем меньше тумана в начале, тем меньше пространства для конфликта потом.

Если у вас похожая ситуация, не делайте вывод по одному ролику и не ищите универсальную волшебную фразу. В каждом деле важны документы, даты, суммы, переписка и детали. Но общий принцип простой: если договоренность важна для денег, имущества или срока, у нее должен быть понятный след.","Разбор бытовой или предпринимательской ошибки: почему договоренности лучше фиксировать до конфликта, а не после.","застройщик: ошибка, которая всплывает слишком поздно","Смотрите на документы, даты, суммы и переписку. В споре часто решает не ощущение правоты, а следы договоренности.",отложить,"Берем только механику: конфликт, темп, боль и поворот. Текст, примеры, формулировки и вывод пересобираются заново под НейроПраво.","Сместить фокус с чужой истории на практический риск в теме `застройщик`: деньги, сроки, документы, переписка и доказательства.","Не обещать результат, не разбирать персональное дело зрителя и не давать универсальную инструкцию. Говорить как о типовой ситуации: важны документы, даты, суммы и детали.",public_search,incomplete_public_metrics; likes_comments_unknown_or_zero; published_at_approximate; public_search_weighting,approximate
